{"NRqfYYcCeFRSOBQZWda5vQ==":"corporate-logo1.png","loBZcilZ4yF6adGhl1J+Hw==":"corporate-2.jpg","s4MaBey0etS7vYVewGYxkw==":"colleagues3.jpg","EUPzS0zpFMxpxR0cd9C+hg==":"corporate-1.jpg","RyqERizbPNkgJo6cIjbfeA==":"background-1.jpg","rRw7NLbgGmZ2IMHWH5ITNw==":"people3.jpg","OU9drHyyssR7u2OG/72jCg==":"people1.jpg","YSWb8/CPCm6DRmKggO9ghw==":"people2.jpg","KbeC9D52+vmuoUl+Ib9OpA==":"man-2.png","fHCJkWCzdPImEJ+tiQHODg==":"man-1.png","xLMtzRg4vl6xsH1ddAJ7Ww==":"map.jpg","h+wUxqpw4OoJucfZrI5GWQ==":"face-1.png","XHgOvXg4fnmO4RmAgU4UAg==":"face-3.png","7MpsqMruLMcvcbJNMN/RlQ==":"face-2.png","1ZIciFpLIL6VWTOXCr41fw==":"face-5.png","4BkJxASgjZ+ZYNbk2wZgGA==":"face-4.png","OkXPLPpFMU4/GE62UzS13g==":"people4.jpg","gSL+x6g3arzwkB7lddkncw==":"brand-3.png","CHGKgtXl0HTbZG3vVSdwRA==":"brand-2.png","avyPwT9I+zeLjJPZg/meJw==":"brand-1.png","GnNRiJ3ltI2IPlWCqNZuHQ==":"brand-5.png","GO92WTh8VHHtHj9weTvJrQ==":"brand-6.png","yofB+G8Jr24vSRUZECo7IA==":"brand-4.png","dUMuNHAn3erBqXNbejnbZw==":"corporate-logo2.png","8QEwfFuTHgsxQnzXvnSFTg==":"pontal_tech_color_horizontal-320x73.png","l17Jt+vB6nMQG9r1sFqE0w==":"mbr-904x603.jpg","KjQq3o5VIrBXS1SA3FErFg==":"pontal_tech_logo-360x178.png","zG8yQiKE18WCH3LA2Fw/TA==":"pontal_tech_color2-1-360x260.png","52oQ9U05I7cvJnVBmR8KkA==":"pontal_tech_mono_horizontal-350-350x94.jpg","YAE0mGOhT76sLBzvvARxxg==":"pontal_tech_color2-1-1160x839.png","JsSvOh9I7j3cXpH2ajModw==":"pontal-sms-1-960x540.png","OVcNzQzVTrMCD8HfninYRg==":"pontal-sms-2-960x540.png","vkB9JMe6JgS19FE+TcFLCg==":"pontal-sms-3-960x540.png","G5ICi8aubT74GEXuRo2G8A==":"pontal-sms-4-960x540.png","qOajC+MNvVVxNr9lU1rNSQ==":"pontal-sms-5-960x540.png","ZKHWXLwfaPWKPJsKhQVtew==":"pontal-sms-6-960x540.png","ClVfMlyyX3g8Bo8WGDGFXw==":"pontal-sms-7-960x540.png","lCR8jqc1WM9xnEeEoPfnvg==":"pontal-sms-8-960x540.png","8++TPZFxXZKi3OjJVbtBbw==":"pontal-sms-9-960x540.png","7YEEScTwRxE3M463Wx/s4A==":"pontal-sms-10-960x540.png","l0Aq5HS0mJoAjmbuMvWTfQ==":"pontal-sms-11-960x540.png","Rsye8zrFrd2niEX4DMZvhw==":"logo_sky-162x103.png","GF44kDtG79Sf0WtVoWJjkw==":"logo-grupo-bp-aprovada-vers%C3%83o-finalz.png-162x68.png","xsf7o1yFo+kXOLFYW0vb5Q==":"clinicasim-logo-162x97.png","CNbxln3hjL1bBAla6RncmQ==":"logo-topo22-162x61.png","vcO/atLE1dNnQQ50856m2g==":"rede-logo-1-162x53.png","oZpAg3udXVWWmz5nTLV4Vw==":"blu_365_logo-162x162.png","413F0rBMf+KT4/za5xjz8Q==":"bv-financeira-logo-vector-162x162.png","lyBMSgT0OZZylEo2rAYUcw==":"pontal-sms-12-960x540.png","dBioi6fQdXGqwnZxiVVr4w==":"pontal-sms-13-960x540.png","4Fv1h26pV0ridJWpxAZi8g==":"pontal-sms-1-904x509.png","uP8gClHOjWdmzjw8IMxoFA==":"pontal-sms-2-904x509.png","rgyBt7nNuj2YYLeZ/f/EIA==":"pontal-sms-14-960x540.png","o1H36RukM7Dk8/lgfnxINg==":"mbr-960x1920.png","KitGiSqaF2KjqrhWnq/pqg==":"mbr-968x645.jpg","zvzRXSVC50ItcZWyg9XHpA==":"mbr-968x1773.png","50pdJyhp+WrgLHff0H1hYQ==":"mbr-1-968x645.jpg","Le3LZ70M9+oNqvOolCpcvw==":"mbr-2-968x645.jpg","vF3GdiqEBvGkRhBvWDSj1Q==":"mbr-968x1245.png"}